"","within","relvalues"
"1","NaNa","0.0369556923076923"
"2","MoMo","0.037031339031339"
"3","JaJa","0.0379950537634409"
"4","ShSh","0.0436534826309293"
"5","MtMt","0.0401380633255634"
