"","rowname","strata.1","strata.2","Fst","Pr.exact","Pr.adj","sig"
"1","Mt_1 (25) v. Mt_2 (29)","Mt_1","Mt_2",0.000338797351499889,0.424575424575425,0.636863136863137,"not sig"
"2","Mt_1 (25) v. Mt_3 (62)","Mt_1","Mt_3",-0.00277466769242374,0.937062937062937,0.937062937062937,"not sig"
"3","Mt_1 (25) v. Mt_4 (12)","Mt_1","Mt_4",0.0010011167643355,0.397602397602398,0.636863136863137,"not sig"
"4","Mt_2 (29) v. Mt_3 (62)","Mt_2","Mt_3",0.00323920552495482,0.037962037962038,0.227772227772228,"not sig"
"5","Mt_2 (29) v. Mt_4 (12)","Mt_2","Mt_4",0.00339038067941175,0.193806193806194,0.581418581418581,"not sig"
"6","Mt_3 (62) v. Mt_4 (12)","Mt_3","Mt_4",-0.000899350691114763,0.592407592407592,0.710889110889111,"not sig"
