"","rowname","strata.1","strata.2","Fst","Pr.exact","Pr.adj","sig"
"1","Mt_1 (25) v. Mt_2 (29)","Mt_1","Mt_2",0.000338797351499889,0.416583416583417,0.624875124875125,"not sig"
"2","Mt_1 (25) v. Mt_3 (62)","Mt_1","Mt_3",-0.00277466769242374,0.943056943056943,0.943056943056943,"not sig"
"3","Mt_1 (25) v. Mt_4 (12)","Mt_1","Mt_4",0.0010011167643355,0.385614385614386,0.624875124875125,"not sig"
"4","Mt_2 (29) v. Mt_3 (62)","Mt_2","Mt_3",0.00323920552495482,0.044955044955045,0.26973026973027,"not sig"
"5","Mt_2 (29) v. Mt_4 (12)","Mt_2","Mt_4",0.00339038067941175,0.227772227772228,0.624875124875125,"not sig"
"6","Mt_3 (62) v. Mt_4 (12)","Mt_3","Mt_4",-0.000899350691114763,0.58041958041958,0.696503496503497,"not sig"
