"","rowname","strata.1","strata.2","Fst","Pr.exact","Pr.adj","sig"
"1","Shin_1_2016 (33) v. Shin_1_2017 (19)","Shin_1_2016","Shin_1_2017",0.0131846282391096,0.000999000999000999,0.002997002997003,"sig"
"2","Shin_1_2016 (33) v. Shin_2_2016 (20)","Shin_1_2016","Shin_2_2016",-0.00328986744540479,0.858141858141858,0.858141858141858,"not sig"
"3","Shin_1_2016 (33) v. Shin_2_2017 (35)","Shin_1_2016","Shin_2_2017",0.0122810810213325,0.000999000999000999,0.002997002997003,"sig"
"4","Shin_1_2017 (19) v. Shin_2_2016 (20)","Shin_1_2017","Shin_2_2016",0.00340852136583027,0.204795204795205,0.245754245754246,"not sig"
"5","Shin_1_2017 (19) v. Shin_2_2017 (35)","Shin_1_2017","Shin_2_2017",0.00298222949239088,0.173826173826174,0.245754245754246,"not sig"
"6","Shin_2_2016 (20) v. Shin_2_2017 (35)","Shin_2_2016","Shin_2_2017",0.00847646362085079,0.016983016983017,0.033966033966034,"sig"
